categorical_0,categorical_1,categorical_2,categorical_3,categorical_4,categorical_5,categorical_6,categorical_7,categorical_8,categorical_9
W,L,R,O,K,X,E,Q,M,H
C,R,S,T,F,L,P,Z,X,K
H,F,F,B,O,D,U,X,S,U
O,I,Q,K,F,A,V,V,P,M
T,O,I,S,E,Y,B,F,U,Q
V,C,M,D,L,J,X,P,S,R
X,V,Q,L,S,Y,F,D,B,Z
M,N,N,D,Q,Y,I,P,I,M
Y,J,N,R,N,K,H,Q,N,O
X,S,K,T,V,D,W,O,C,J
O,K,P,O,Q,K,T,N,T,P
N,T,Q,K,G,Q,I,V,P,Q
A,U,E,O,X,D,Q,Z,N,N
A,I,K,K,X,Q,D,H,U,U
U,O,P,F,E,R,N,N,R,T
P,V,R,J,O,M,V,S,B,D
X,K,G,O,D,K,M,S,G,L
R,E,E,P,S,U,Z,Z,Q,W
Q,S,A,H,Y,Z,W,Q,R,E
R,T,F,T,V,L,C,S,J,S
T,U,T,Z,Q,H,D,F,F,A
X,T,G,P,Q,O,P,O,T,L
L,P,R,R,W,E,B,A,B,S
I,W,E,L,Z,F,G,G,S,M
Y,U,B,O,D,W,F,R,J,P
A,T,N,S,D,T,Q,U,U,M
C,E,Y,V,C,S,N,X,L,X
H,M,E,V,O,P,L,Y,Y,L
W,A,Z,R,M,H,H,E,V,S
Q,V,L,H,C,Q,I,F,U,S
T,U,W,A,B,I,P,I,Z,E
I,F,J,N,M,Z,E,P,P,U
T,V,Z,N,T,T,K,Z,R,G
D,M,T,Z,K,M,R,H,H,X
J,R,C,S,D,B,Z,S,E,N
V,I,M,G,S,L,A,T,D,W
Y,K,V,E,Q,H,B,T,S,Y
K,H,P,M,G,L,X,I,F,A
V,K,E,H,P,B,B,K,Q,S
K,U,K,O,J,H,P,Y,A,A
R,Q,V,Q,V,C,X,E,X,Y
J,S,X,X,W,O,I,H,T,Y
W,Q,Y,C,W,O,J,N,Z,W
Q,K,D,X,P,O,E,E,M,Y
Z,L,B,C,A,J,H,O,T,R
W,C,E,I,I,A,X,S,W,R
P,X,O,B,O,K,H,M,Z,E
B,Q,E,K,X,N,Y,Y,Y,S
Y,W,M,O,Q,O,K,H,L,I
P,H,B,L,T,T,L,Y,F,U
D,A,I,Y,O,Z,L,X,R,Y
H,V,T,E,C,Q,G,X,N,S
N,X,U,A,A,C,C,B,C,R
M,Y,Q,M,D,K,T,P,S,P
I,Z,W,A,R,F,E,B,Q,O
O,J,J,Z,N,W,L,Y,H,O
G,V,V,M,X,N,N,V,P,Z
D,M,R,Q,F,F,F,N,H,C
G,R,F,B,T,X,O,F,I,M
N,M,S,X,J,M,V,V,Q,E
C,C,B,I,X,P,X,O,A,Z
R,L,T,O,M,P,O,E,X,K
E,Q,S,F,T,J,Z,Z,K,W
C,U,L,F,I,V,V,W,A,A
W,N,E,O,D,E,H,T,N,B
Z,Q,E,Q,K,M,Y,N,Y,Q
P,E,B,Y,Y,I,E,L,D,U
O,V,B,Y,T,W,T,Z,O,T
A,G,B,E,D,Z,U,W,U,S
X,M,Y,Q,B,Z,Y,V,T,D
X,X,P,D,H,Y,L,E,R,T
P,E,T,T,X,T,A,M,N,O
F,C,L,Y,M,E,Y,U,G,J
M,F,B,I,I,U,M,Z,V,Z
B,N,J,J,T,W,E,X,E,S
W,V,T,G,P,A,D,R,G,R
B,L,Q,I,I,A,T,O,X,G
S,D,R,R,F,L,Q,B,G,T
V,T,S,B,Z,Z,U,K,L,C
D,J,I,P,N,F,R,I,U,O
N,I,X,Q,A,R,A,L,O,Q
W,S,P,L,Q,T,T,X,V,D
C,U,G,N,R,I,Y,V,J,R
O,J,J,U,N,V,B,E,E,W
Q,T,T,B,J,C,R,Y,D,X
J,M,L,X,E,G,Z,F,Y,D
N,W,Z,V,A,N,C,R,J,K
U,Y,A,B,Y,N,E,W,Y,I
Q,B,Y,F,N,A,Q,U,T,X
V,V,Q,H,X,Q,C,V,G,W
W,H,J,C,W,B,V,C,S,N
D,G,F,H,F,W,Z,O,W,I
E,H,N,I,V,B,P,V,M,B
J,V,Y,O,M,E,S,B,T,K
S,J,T,G,S,V,K,J,V,B
R,L,A,C,X,K,A,D,O,Z
Y,P,N,M,P,U,L,N,T,M
V,Z,Z,L,V,X,F,S,Q,F
F,R,O,U,H,R,F,Z,Z,P
L,X,G,L,X,G,L,S,V,C
P,W,L,O,J,B,I,A,T,D
W,Z,I,Q,X,S,X,M,C,I
Z,H,B,Y,S,J,C,I,M,F
W,S,U,V,E,L,Y,B,I,G
N,X,K,L,W,F,E,B,I,A
Q,Y,Z,N,G,I,O,L,W,J
P,V,A,C,Z,Y,O,F,K,W
B,L,D,S,C,R,U,A,F,F
I,G,K,S,O,V,Y,A,B,T
F,N,J,P,W,H,A,L,C,V
V,C,S,H,H,V,C,S,R,N
U,E,H,K,K,K,R,T,I,Q
A,D,H,O,Z,G,S,V,E,Z
K,W,H,C,N,U,W,D,A,C
O,G,J,X,M,Q,Q,K,Q,K
J,J,F,N,E,L,O,Y,G,O
S,J,J,Y,P,R,E,K,S,V
C,Q,F,K,V,T,J,V,D,G
K,T,D,G,J,A,O,M,E,L
V,L,O,T,Z,S,S,O,Q,Z
S,W,M,V,B,W,E,C,O,P
D,O,Q,G,X,D,G,X,T,D
O,X,T,N,X,P,S,U,J,Y
O,Q,R,C,Z,L,R,H,N,Z
F,E,R,T,P,E,L,F,X,B
D,G,Z,O,A,X,U,L,S,P
T,A,L,P,P,N,Q,I,H,S
K,W,D,K,J,L,H,U,Y,Z
Q,Z,V,Q,Z,T,E,N,B,N
V,D,S,C,N,T,B,V,Q,N
J,Z,J,O,X,F,S,I,A,H
I,K,K,N,R,H,N,T,S,D
Y,P,Z,X,U,X,S,P,P,D
T,T,R,L,S,T,G,G,T,S
A,T,B,X,U,H,C,K,R,U
D,I,C,Y,K,B,T,U,T,V
N,E,O,L,G,V,I,H,M,R
V,L,G,U,W,R,U,W,S,X
O,O,F,N,N,W,D,P,L,X
X,K,U,F,W,Z,D,I,R,J
A,C,G,Z,D,G,U,X,X,Z
T,P,N,A,C,J,S,M,S,G
C,W,Z,X,P,G,Q,K,Q,O
U,H,X,L,N,R,R,J,W,O
H,D,K,Q,U,I,K,V,S,L
A,B,I,N,B,L,A,H,R,T
O,J,M,I,E,B,D,C,H,E
B,R,W,C,K,Q,L,W,O,H
Q,Y,U,R,F,W,R,S,X,G
J,N,R,Z,A,Y,E,Z,R,O
V,H,M,A,I,Q,A,L,D,Z
Z,T,S,P,C,A,H,E,S,K
R,N,O,B,B,A,K,M,D,K
O,E,E,N,K,I,U,N,H,D
N,G,U,Z,B,T,N,T,F,T
R,N,X,B,W,K,E,A,C,Q
P,B,S,N,R,E,I,Z,T,E
Q,A,F,Z,T,I,Z,I,Y,N
R,S,M,L,V,J,H,C,X,R
V,W,W,H,Y,I,A,M,N,Z
P,Y,D,Z,S,I,I,J,U,H
U,S,B,R,Q,R,T,F,V,R
C,K,G,N,Y,K,L,P,R,O
X,K,F,T,H,F,E,N,S,J
E,X,Q,C,Z,Y,K,X,O,F
V,M,E,V,T,S,Z,P,R,V
L,L,G,V,L,P,G,K,F,K
U,W,Q,R,K,X,M,Q,F,G
Y,V,U,D,I,T,R,Q,C,A
R,O,C,N,V,P,C,O,V,Q
J,O,E,V,O,B,C,P,L,I
R,V,Q,Q,W,J,B,Y,T,P
C,O,A,S,F,Q,O,N,P,Z
W,U,P,P,H,Y,Z,L,I,D
H,M,D,W,S,F,S,G,S,C
V,X,Q,V,J,Y,B,H,B,Y
E,I,C,H,G,B,K,X,G,K
V,N,I,Q,K,F,L,V,Z,H
I,N,J,Z,M,U,M,X,N,E
G,S,K,E,O,F,Z,C,B,M
R,A,W,Q,V,T,X,O,Q,A
D,V,Q,J,I,O,Y,G,W,N
Q,L,Q,J,N,H,C,Z,L,A
N,Q,G,I,A,N,A,M,P,L
V,P,M,X,V,M,X,M,J,L
D,C,H,K,M,F,E,V,B,Q
K,P,Z,R,S,O,O,X,N,D
Y,Z,B,D,K,U,G,N,L,K
N,N,S,V,R,D,Y,A,L,O
T,U,E,S,R,S,X,G,H,C
L,M,F,A,Y,Z,A,G,K,J
L,B,K,C,S,A,I,P,C,Z
I,D,X,P,M,T,L,L,U,W
N,T,H,D,X,U,W,L,B,M
M,A,J,V,D,Y,R,F,D,Z
W,J,X,X,J,L,P,Z,A,T
P,D,R,Q,E,P,L,U,T,O
P,N,N,C,P,Y,X,Z,H,Q
T,O,N,L,O,H,U,R,H,Z
U,G,S,H,K,R,K,J,X,V
G,K,P,Z,I,S,K,I,J,Q
M,Y,A,B,M,V,K,D,S,S
G,K,Y,E,H,S,T,K,Y,W
S,M,X,B,X,M,G,E,B,D
D,J,T,U,T,X,C,N,R,H
G,Z,Q,O,H,H,D,N,C,R
E,D,J,I,V,U,U,U,C,O
Q,V,G,H,T,H,O,L,I,D
V,P,R,L,I,W,K,N,C,S
Z,T,P,X,P,J,E,F,T,Z
E,Q,B,T,S,N,N,X,C,F
M,X,D,D,K,L,M,U,F,K
D,P,O,N,P,C,D,E,S,U
M,D,J,D,E,D,A,D,R,R
I,T,C,E,V,I,D,R,Z,D
V,A,T,V,O,E,M,S,Y,I
N,F,U,A,D,N,S,A,M,E
A,L,M,N,W,A,F,Y,L,N
A,R,P,V,D,A,D,M,B,L
U,L,J,D,O,R,T,O,O,A
L,W,K,L,X,N,I,P,X,U
V,C,J,O,C,R,W,N,Z,O
Y,F,D,B,P,H,P,D,X,J
T,A,V,V,K,F,S,T,L,K
M,R,W,W,C,Q,A,D,M,J
E,O,F,F,Z,W,P,E,N,R
W,H,I,N,H,E,R,E,S,Z
E,P,D,V,B,K,R,N,S,A
R,J,S,L,A,V,E,M,T,Q
N,L,E,L,H,X,E,A,I,L
N,L,J,Z,X,F,S,C,E,F
G,Y,U,B,Y,O,G,F,O,O
V,H,J,R,C,A,Q,I,D,G
F,N,Y,D,E,S,E,P,D,H
E,R,C,J,D,X,V,A,H,B
Z,O,P,C,M,Y,K,P,N,V
O,N,L,Y,U,A,W,Z,R,M
T,D,R,J,M,A,S,M,U,O
Q,P,T,G,F,I,S,V,L,H
K,R,E,X,C,L,V,O,X,S
J,C,Z,C,K,I,V,Y,C,P
N,O,T,Z,J,G,H,Q,Z,W
I,X,Q,E,S,X,K,Q,T,P
A,X,W,L,I,Y,Q,G,Y,U
Y,O,X,F,A,O,S,O,C,Q
I,K,R,T,H,W,Y,F,I,Y
R,M,D,N,I,U,X,D,T,H
A,N,M,F,F,V,D,Z,E,O
K,R,M,O,K,I,K,E,O,S
F,Q,N,R,M,N,T,R,B,X
B,L,B,U,C,B,D,B,T,G
H,M,K,Z,Y,K,D,S,Z,B
I,R,E,I,M,J,R,B,A,N
B,R,R,C,N,P,H,F,C,S
T,M,T,G,M,A,A,C,C,V
P,C,L,K,V,V,B,D,M,E
G,P,D,D,I,S,S,W,C,C
Q,Q,A,E,T,S,Z,J,T,M
P,T,F,M,R,T,T,Y,T,I
K,C,I,T,J,A,T,Z,R,X
O,D,L,I,Y,M,Z,Q,K,X
P,Y,B,O,U,Y,O,N,T,Z
U,A,J,Y,I,N,C,V,Y,W
O,N,V,C,K,D,H,K,K,E
J,I,U,B,P,F,N,M,H,D
E,Y,X,T,V,F,O,F,C,R
I,J,Q,P,I,P,F,J,Z,T
X,T,P,L,Q,A,V,Q,F,X
G,P,P,D,B,N,Q,H,F,U
V,O,F,O,C,U,W,E,B,E
V,N,L,X,O,S,V,L,R,Z
L,O,B,O,X,G,G,C,E,T
J,V,O,L,I,B,H,C,L,E
X,L,M,H,O,F,Q,V,Q,N
I,Q,B,I,L,D,B,K,B,W
Z,Q,J,W,P,S,R,N,Y,T
C,Q,N,U,R,F,I,M,B,N
U,A,F,S,Y,X,N,X,J,R
B,G,J,U,O,A,Y,B,E,I
G,Z,P,G,Z,V,G,M,V,X
X,M,D,J,A,T,Y,F,X,J
R,X,I,E,J,F,I,J,A,G
I,G,C,S,K,X,X,S,O,A
X,O,Q,U,E,O,M,Q,C,L
X,A,K,E,O,C,I,E,T,Q
O,S,O,B,O,Y,N,Z,F,V
J,N,W,Y,N,A,W,H,W,A
S,Y,N,M,S,P,W,S,D,C
Y,R,G,A,Y,P,O,W,Z,E
C,E,U,U,S,M,H,K,Z,X
E,I,S,Y,T,V,N,Z,W,Y
K,P,R,O,J,B,X,A,H,P
J,O,H,B,Z,E,Z,P,J,L
W,Z,W,X,E,P,M,N,T,Y
W,S,R,K,W,O,L,W,A,G
F,R,U,D,O,H,Y,T,A,W
A,A,V,P,E,S,F,Z,M,V
U,I,Z,Y,B,N,Y,S,L,V
A,U,X,G,A,E,U,U,E,Y
Q,U,C,K,C,P,I,M,O,G
P,T,M,C,Y,E,K,R,J,Z
T,Q,T,V,C,J,G,M,U,F
H,Z,K,M,G,C,T,E,T,W
O,A,D,A,H,K,Q,N,X,T
D,A,K,O,D,A,T,S,O,U
Z,N,S,A,G,O,Y,J,P,U
D,K,Q,R,O,Q,T,I,P,W
G,I,L,M,W,I,F,F,A,C
H,S,Q,Q,Q,M,G,U,T,I
H,S,R,F,J,U,V,P,D,O
N,Z,Q,S,F,M,P,Q,J,M
K,J,M,H,X,A,C,C,R,J
F,J,X,R,F,W,U,O,E,M
B,O,B,M,F,M,L,I,N,M
R,I,A,D,R,H,W,D,S,Q
U,B,D,P,D,Z,H,M,I,Z
R,X,N,K,Y,G,K,W,G,V
Q,D,D,G,H,I,B,Y,J,N
U,L,M,Z,R,B,H,Q,L,X
X,X,W,P,X,G,K,L,R,S
A,K,G,C,C,O,R,D,N,U
D,P,U,S,N,C,C,P,Q,W
B,J,A,M,I,G,L,D,O,V
N,O,K,N,R,K,M,S,U,V
X,S,Z,U,Q,K,R,R,G,N
L,D,Q,Z,B,H,E,O,K,S
A,P,K,I,A,I,G,R,E,I
N,C,Y,Q,C,O,C,M,D,U
U,B,C,P,F,E,L,H,F,M
A,V,N,R,U,N,J,U,N,C
M,X,H,Q,B,P,O,C,S,B
J,B,L,L,M,C,Q,O,D,Q
M,B,E,H,L,H,M,S,V,S
K,A,O,O,U,Z,O,C,X,S
K,X,Q,G,I,H,B,S,G,Y
E,G,U,R,K,O,A,W,I,U
B,T,H,V,S,R,O,R,O,J
A,N,O,A,Q,P,Q,H,B,Q
T,S,H,K,T,I,V,R,N,F
F,C,H,S,L,E,O,D,M,T
Y,Y,E,O,C,A,H,U,F,V
D,Q,J,T,J,D,Z,T,P,Y
A,J,A,N,E,L,P,S,J,P
X,V,R,M,S,T,X,G,F,P
E,T,L,C,G,R,A,X,U,O
B,K,G,D,E,P,T,U,T,L
J,I,N,M,G,G,L,B,S,G
E,S,W,Q,U,B,B,Q,R,B
D,S,L,P,Y,U,Y,M,T,A
V,I,Z,G,V,K,K,G,G,W
G,S,O,M,E,G,E,N,O,Y
Q,Z,R,L,S,N,H,T,O,C
I,H,Y,N,J,N,M,Q,U,B
J,L,Z,H,J,L,P,V,I,K
P,K,E,P,I,U,G,C,B,C
C,Z,F,C,S,C,F,Y,U,A
W,M,I,P,O,X,G,U,E,P
C,S,B,N,N,O,L,Z,U,W
S,M,W,N,Z,R,C,G,W,T
H,J,D,Y,Q,G,I,Z,W,W
R,Z,Q,G,A,S,O,Z,G,M
B,A,L,I,Q,I,U,J,B,M
C,M,E,W,B,E,K,W,B,O
N,W,F,P,L,J,R,O,K,W
N,E,O,O,N,M,Q,W,V,M
Q,W,W,N,A,P,U,Y,E,I
O,U,B,N,N,D,D,O,Y,E
J,Y,X,D,D,I,I,C,A,O
Y,V,F,E,G,Y,Y,L,E,P
A,B,J,I,B,A,Z,Q,B,I
L,L,J,J,I,F,J,E,Z,U
Y,M,B,U,N,P,Q,B,W,A
F,V,R,Q,O,D,M,R,R,J
H,Q,E,J,N,C,H,W,M,E
Y,J,N,V,B,Q,Y,L,T,L
C,G,O,E,V,T,Q,L,O,P
F,H,R,T,S,E,U,E,O,T
U,S,D,L,L,S,C,E,J,W
K,C,G,Q,Z,A,P,Y,I,R
Z,V,P,G,P,D,X,H,L,X
X,Y,Y,W,Q,J,L,Y,L,K
E,H,O,T,I,E,N,W,L,X
T,M,R,Y,R,R,H,Y,U,Q
U,Z,W,G,L,T,F,F,X,E
N,K,P,T,C,G,G,K,Y,T
W,I,Q,J,I,D,Z,N,U,H
C,A,J,E,X,I,F,M,D,I
X,Z,F,O,V,K,D,Z,I,K
S,K,F,J,U,Z,N,Y,B,V
J,R,T,T,Y,M,U,H,X,E
R,Y,F,X,U,L,T,Q,T,X
K,I,C,Z,V,B,N,R,T,C
X,Z,L,G,Z,Z,Q,Y,I,N
V,A,X,K,O,B,Y,Y,V,D
I,A,T,X,F,U,E,C,U,N
I,N,I,L,T,S,Q,U,M,M
E,W,Q,M,Q,T,X,O,V,I
Y,X,M,T,N,L,O,A,B,Y
G,V,C,Y,E,S,X,X,A,M
O,A,P,T,K,M,W,M,I,P
G,F,S,K,D,L,B,X,O,S
W,A,E,D,G,P,C,O,P,V
A,Q,U,Y,X,Y,D,D,L,L
C,R,R,U,M,E,J,K,X,V
F,Y,Y,Y,S,C,B,R,U,D
U,W,N,A,X,I,A,I,A,P
Z,O,H,P,S,D,Y,V,V,H
K,B,T,U,I,T,E,I,R,X
M,U,Y,N,C,C,U,T,G,W
K,J,P,K,C,T,K,U,J,C
M,Q,N,D,Y,T,Z,W,C,D
C,Z,B,U,X,D,O,Q,T,X
L,M,T,H,B,I,K,I,D,B
T,Z,Z,R,H,T,L,K,D,V
W,V,K,Y,S,O,H,F,C,J
E,X,E,T,U,V,R,T,P,D
E,G,Z,N,G,G,G,I,D,B
G,J,E,A,O,E,W,K,W,H
X,W,X,Z,T,Y,I,X,O,N
N,F,N,V,U,E,H,X,Z,L
G,L,S,H,J,E,X,Y,Z,H
F,T,T,N,Z,P,W,R,G,X
S,O,Z,Z,J,Q,B,W,Y,D
R,D,O,N,W,T,Y,L,B,V
R,O,U,U,L,K,P,Q,V,D
Z,Q,R,R,R,V,H,Q,H,Y
T,N,R,P,U,Y,B,W,M,L
F,D,F,U,T,O,N,T,E,H
Q,N,R,A,I,M,E,N,E,K
T,P,A,K,A,Y,Y,U,F,E
E,F,V,U,H,A,U,Y,B,C
S,M,U,J,J,N,L,T,T,A
Y,Z,J,F,G,G,T,H,S,K
D,H,H,B,G,M,I,Z,U,W
V,X,U,H,A,F,R,T,A,Y
A,U,B,D,K,R,I,H,P,M
J,P,S,Q,Z,L,A,J,V,V
E,O,Y,H,J,Y,Y,I,P,G
M,A,F,P,B,W,O,K,C,W
N,M,L,V,T,X,F,L,S,H
I,C,K,Y,Z,Y,V,L,R,E
W,Z,Q,U,H,I,W,C,R,Y
J,B,H,Z,I,V,Q,A,J,L
W,B,E,P,Y,G,L,W,Y,Z
G,M,I,N,Y,G,Y,U,D,F
I,W,T,W,T,Y,W,A,S,G
V,Y,S,K,R,M,M,W,F,D
U,U,Z,N,I,D,L,P,D,V
B,S,P,N,X,U,Q,W,D,U
F,I,U,Z,U,R,M,D,G,U
O,J,U,E,P,V,P,T,K,A
R,T,Q,B,F,H,W,Q,R,L
V,K,Z,B,B,D,T,C,B,Z
D,I,G,Q,Y,A,L,W,V,T
H,S,I,K,Z,T,H,J,E,K
C,P,A,I,F,L,V,B,V,L
X,W,B,F,A,K,L,H,A,M
U,J,N,I,K,K,W,Y,D,N
Z,O,O,J,X,U,Y,H,M,E
L,N,O,W,Q,V,F,J,M,K
L,G,R,R,V,N,N,N,I,S
U,Q,Z,Y,U,X,U,L,A,X
L,M,V,H,F,L,T,J,A,O
E,F,Y,S,D,J,L,T,T,W
Q,D,X,A,O,D,Q,D,A,P
T,E,D,G,K,I,Q,Y,A,T
S,L,J,P,P,X,P,Y,Y,N
Q,T,T,K,H,Z,T,H,G,W
W,P,E,H,Q,Y,O,S,K,G
W,S,L,F,Y,G,K,P,S,C
D,G,C,V,I,Q,I,E,W,U
H,E,D,C,P,A,A,G,F,G
W,P,S,J,M,F,B,K,F,A
E,V,A,W,L,P,L,M,T,Y
P,O,C,O,D,I,C,P,D,X
G,L,A,K,Q,R,Q,X,S,I
F,Z,D,D,Y,A,Z,E,R,V
T,U,K,Z,Y,Q,H,S,T,C
I,L,Y,N,B,K,D,Z,K,Y
N,A,B,Y,O,U,S,L,Z,A
M,D,L,J,O,X,X,S,M,C
M,L,H,R,B,X,M,L,N,T
L,S,N,X,F,Z,F,J,G,B
V,E,K,C,A,A,S,W,J,G
X,W,G,P,Z,N,L,B,C,O
D,O,E,N,D,L,O,G,U,X
E,F,Y,I,Z,V,R,E,P,Y
D,R,U,W,D,K,W,I,O,B
C,U,C,O,T,F,Y,J,L,Y
Z,M,L,F,S,L,G,P,L,E
F,M,Y,J,T,O,H,P,I,A
I,I,C,Q,J,M,C,C,V,I
P,R,N,N,P,G,R,W,X,P
S,L,U,M,B,K,S,A,S,Y
E,H,P,Z,R,G,L,H,D,Q
K,J,K,X,K,E,R,E,D,S
D,K,V,Q,F,K,E,K,Z,E
T,L,V,L,X,A,X,S,L,P
B,T,G,Q,Z,P,S,U,Q,M
W,F,Q,B,Q,B,E,O,D,G
L,N,Z,K,A,U,E,J,L,B
G,Z,K,Y,Q,T,K,X,X,O
K,V,D,T,T,H,Y,U,W,J
J,T,K,G,M,V,U,M,B,W
I,C,O,P,V,B,P,K,W,E
D,X,M,Z,R,A,P,Y,V,M
F,Z,P,I,B,X,G,L,A,F
B,Z,K,A,H,M,O,S,U,B
M,M,O,R,I,D,J,M,C,K
L,L,I,R,D,C,K,E,S,Q
W,T,U,N,T,D,Y,G,K,G
B,N,U,K,F,H,X,F,C,A
A,A,C,C,T,X,T,P,T,X
L,R,X,B,C,C,E,U,U,T
G,M,X,O,G,X,Z,U,W,H
B,F,X,G,F,I,D,T,L,A
R,Q,W,G,O,X,W,Q,D,P
W,X,M,L,F,Y,G,H,E,R
G,L,U,V,J,B,F,H,C,S
O,B,Z,R,N,Y,C,N,R,C
A,K,L,C,J,E,Q,T,V,P
X,W,O,W,Y,P,T,O,G,L
Z,A,Q,Y,M,V,Z,A,B,N
J,T,C,L,H,A,A,N,J,I
N,Z,P,P,F,S,Z,J,U,I
S,I,A,Y,L,M,G,V,H,B
S,X,H,G,D,T,L,J,K,I
M,L,K,Q,I,F,U,V,L,O
H,E,S,Q,X,X,T,E,Z,I
A,G,K,N,N,Z,A,R,D,F
K,P,T,U,Y,L,Z,R,Q,U
B,G,T,M,M,T,M,T,H,S
D,Z,T,F,Q,D,D,R,A,Q
K,V,W,G,H,J,C,C,G,E
T,C,Z,X,O,F,A,A,P,A
U,S,T,Q,I,W,X,C,M,T
I,V,H,V,S,J,P,S,G,M
P,Y,C,D,V,I,I,V,O,C
N,M,C,M,G,P,I,M,P,P
F,J,J,F,Q,P,K,K,K,C
S,C,Z,W,C,H,M,J,U,H
I,X,B,V,V,K,K,P,N,E
C,X,A,T,D,L,X,J,R,Y
V,H,Z,G,V,S,F,X,Q,L
N,I,O,R,Z,F,P,Q,H,S
C,X,L,L,O,S,N,J,J,C
L,Y,P,Z,N,Z,Y,P,Y,G
W,Z,I,L,F,B,L,W,F,P
Q,C,U,F,N,T,P,H,A,G
B,Q,X,S,A,R,Q,M,E,L
C,F,L,D,K,V,P,B,G,R
K,C,Q,J,E,U,V,Z,J,R
M,X,Z,C,Z,I,H,U,W,G
G,S,W,E,L,L,I,Y,P,R
A,A,U,M,M,V,I,Y,Q,V
F,S,L,I,Y,C,T,L,E,E
D,S,S,R,V,N,B,P,G,C
F,X,U,I,N,Y,Y,T,M,K
F,Z,H,A,F,I,Q,U,R,P
W,F,D,Z,T,P,I,X,K,S
D,D,C,P,U,T,O,C,X,C
I,Q,S,M,M,H,C,G,J,Y
P,A,C,U,U,P,J,L,E,T
O,L,H,Q,L,I,J,G,V,D
V,U,K,V,K,O,B,R,B,G
T,O,J,D,W,F,Y,X,N,R
E,P,R,B,T,Z,T,Y,E,F
G,W,W,N,S,G,O,B,O,F
Y,L,K,I,P,G,I,Q,N,P
Z,X,U,X,I,H,X,G,Y,H
C,Z,I,D,E,E,O,K,I,P
Y,Y,E,W,Q,J,S,E,V,V
G,N,Y,R,Y,R,D,M,L,S
S,F,F,A,L,K,A,W,Z,J
S,T,B,L,P,J,T,P,Y,A
X,B,Y,C,P,D,H,L,K,V
Z,L,L,E,Q,F,X,A,U,C
M,J,E,J,Q,K,S,E,E,F
I,S,X,P,R,Q,P,F,G,O
P,M,T,S,N,J,C,D,E,Z
V,W,P,W,T,I,D,F,G,P
D,X,L,R,S,D,H,Z,L,Y
Q,S,U,P,X,K,X,G,Y,E
H,V,R,F,W,W,L,B,N,X
X,J,G,L,Q,Y,U,J,I,F
A,U,C,G,O,L,P,N,X,G
D,I,W,T,P,A,W,D,H,Y
H,P,Z,B,W,R,F,D,G,I
N,A,X,P,Q,Y,G,E,K,Q
U,B,D,W,R,R,W,V,S,C
W,K,Y,L,L,P,P,F,W,T
E,N,E,J,W,Z,W,Y,D,W
X,S,F,N,Q,C,O,K,V,S
S,K,Y,C,C,P,D,M,Z,J
U,P,B,P,P,N,G,L,S,J
I,C,V,K,H,C,S,G,A,M
C,H,J,U,V,U,J,X,P,F
H,G,Y,H,L,A,I,A,K,X
D,P,Z,M,M,Z,Z,F,A,N
T,Q,T,P,Y,F,K,E,K,A
D,S,Q,F,V,T,R,U,S,W
S,D,N,O,Z,T,C,J,G,C
Q,W,D,Y,D,Q,T,C,S,K
Y,R,N,W,M,D,N,C,F,S
L,D,L,C,N,N,G,S,V,J
S,Z,Z,N,Y,C,K,E,R,F
N,M,E,Y,N,I,O,X,P,D
Z,X,K,H,M,T,G,W,I,Z
O,W,L,E,R,A,I,B,X,N
B,E,H,T,X,E,R,I,S,Q
Y,D,U,W,P,M,Y,O,N,Y
Z,P,Q,J,B,C,P,X,Y,C
O,R,U,Q,E,P,E,Q,W,O
W,A,Z,A,D,Y,Q,H,Q,Y
W,W,H,J,E,L,C,I,A,Z
C,Q,G,H,R,A,I,E,B,O
S,J,F,N,C,R,T,J,Y,Q
E,Q,Y,P,A,C,N,F,E,K
I,R,K,L,Y,K,Z,K,P,S
Z,G,P,N,W,B,W,E,H,W
I,E,F,W,L,V,Z,I,T,K
T,V,C,T,K,G,C,R,T,I
I,V,X,D,K,J,O,W,B,C
K,D,E,J,R,K,V,N,N,Y
X,K,E,L,E,N,Z,F,V,R
F,H,V,C,K,T,N,G,F,E
J,D,V,E,X,Z,I,E,C,N
T,U,G,Y,L,J,B,H,Y,R
D,C,N,V,W,B,F,D,X,G
Y,F,Z,S,B,W,L,P,D,V
W,T,Q,B,A,W,M,K,K,A
M,P,Z,P,O,P,I,S,S,U
O,S,N,B,W,M,C,T,T,A
C,U,X,N,T,Y,P,H,I,E
F,O,S,K,Z,H,H,H,O,P
D,Z,P,M,P,W,L,V,V,R
W,Q,K,N,W,D,A,E,A,K
W,J,I,C,Z,H,I,J,N,J
L,D,Q,W,B,E,H,Q,D,J
C,T,U,E,M,P,N,S,Z,E
V,C,P,G,G,A,V,N,R,V
O,F,S,G,Y,J,B,D,Y,X
C,P,M,L,U,O,S,V,S,T
G,D,E,Y,A,M,D,K,A,H
P,L,Y,N,W,J,W,J,G,B
M,C,J,W,A,E,P,X,V,W
H,T,G,L,J,X,Z,U,H,A
N,V,Q,E,B,Z,H,O,S,L
O,Z,P,O,I,O,Z,J,X,F
O,D,P,Y,Z,H,N,G,B,L
X,T,T,J,D,G,K,F,H,Y
N,E,T,B,T,R,Q,H,U,Q
C,U,O,B,P,P,L,P,L,J
H,T,B,S,H,W,N,S,C,L
S,J,C,H,H,Q,V,D,Z,T
T,M,E,S,F,N,X,Z,N,S
S,J,H,E,Q,M,E,K,M,S
S,J,E,S,T,X,L,H,E,W
I,J,V,K,X,S,G,I,A,F
K,S,F,O,X,X,Z,L,K,E
D,J,P,J,U,X,E,D,D,Q
V,W,P,B,L,X,G,Q,J,Z
J,E,F,C,J,U,K,N,H,M
D,C,Z,U,F,K,U,R,Q,D
P,E,J,Y,J,O,O,C,A,T
W,Y,K,A,U,R,Z,V,B,E
A,P,F,L,U,W,X,A,W,Y
P,P,B,D,W,I,Y,P,J,W
K,S,P,N,N,N,Q,R,P,T
N,T,N,X,T,X,R,P,N,K
O,N,O,J,W,I,M,X,N,A
Q,S,P,L,O,J,H,Y,W,Q
X,S,Y,W,I,O,O,E,F,L
B,E,L,B,A,E,Q,B,W,N
D,D,V,E,K,V,M,S,W,X
S,Z,S,Z,J,L,W,B,Z,N
H,Q,T,W,L,K,N,J,M,G
S,Y,T,K,I,M,U,K,Y,G
E,R,L,F,N,T,I,Z,E,F
Z,K,R,A,O,E,L,W,L,X
A,U,X,S,W,L,Q,W,O,M
P,B,F,Z,W,E,J,G,L,C
Y,Y,F,Y,T,Q,G,W,O,X
H,E,M,Z,G,F,F,Q,C,C
Q,Q,F,F,I,Q,M,B,X,X
V,D,X,I,Y,Y,I,D,I,O
F,H,H,Z,W,T,Q,W,K,G
A,S,Y,S,K,T,Q,D,X,P
X,L,P,F,A,Y,Z,W,D,Y
B,B,C,X,N,E,C,X,Q,K
D,S,A,G,I,W,B,V,B,T
N,P,L,M,U,O,L,D,R,A
E,I,Q,J,Z,H,Z,O,K,F
Y,H,B,G,K,P,R,A,X,F
Y,H,J,J,N,D,V,V,H,B
Q,A,O,F,S,G,L,W,Q,F
T,I,M,G,C,C,T,W,D,P
R,O,O,M,A,V,P,I,O,N
L,N,L,Z,B,E,C,Y,A,E
P,M,D,T,O,F,T,P,V,P
E,D,V,T,Q,V,Q,Q,X,X
R,R,R,T,I,V,X,D,E,N
S,C,O,S,T,H,K,G,P,O
K,T,T,K,S,M,X,T,E,H
T,N,Y,L,X,C,Y,T,Y,U
X,H,S,K,D,E,U,B,S,S
I,W,E,T,Q,X,F,P,L,Z
A,G,O,H,R,G,K,B,Z,E
Y,U,P,S,Y,G,V,U,D,D
A,H,F,X,C,S,W,P,P,E
W,H,Q,Z,E,V,S,M,O,T
S,K,R,D,T,Q,J,N,C,O
Y,I,K,N,X,V,Q,N,K,J
D,T,L,E,N,D,F,U,R,O
Z,P,X,H,N,Q,W,Y,S,E
Z,B,C,F,D,N,G,Z,S,D
Y,E,M,X,W,G,G,N,K,P
D,T,I,L,B,K,V,E,Q,D
S,U,J,E,E,A,T,I,H,J
Z,P,L,E,L,A,G,J,V,Y
I,Z,Z,S,P,F,O,C,K,E
M,G,K,P,K,R,U,Y,H,U
R,S,U,S,J,H,V,H,K,K
A,H,Y,R,R,K,I,Y,C,H
N,Y,Z,Z,T,O,F,M,X,K
B,T,P,K,N,D,R,U,K,W
K,K,L,D,N,G,K,Y,W,R
V,P,A,N,D,X,I,A,I,H
O,Y,O,A,U,N,C,H,W,K
V,T,R,G,W,H,U,K,S,U
T,M,C,I,D,U,U,L,V,K
U,M,L,M,R,G,T,W,G,Z
O,I,S,D,W,S,D,W,X,S
L,I,C,T,B,W,K,R,J,M
L,B,H,R,C,B,Y,H,X,L
K,A,Q,A,Y,Q,D,D,F,J
D,K,S,J,R,Z,Y,B,U,Q
H,F,O,U,S,Q,K,V,H,O
Z,B,T,T,I,L,T,G,I,W
L,J,Q,P,T,V,D,S,U,X
A,G,H,H,Q,L,Y,W,G,B
X,M,V,L,N,R,F,Z,K,P
K,R,W,H,E,D,P,S,P,M
M,W,S,T,U,L,T,J,L,I
D,L,B,C,B,X,O,Q,P,V
C,B,O,V,Y,B,V,W,F,Q
Y,K,M,A,X,Q,Z,Z,F,F
U,U,L,U,G,I,D,N,Z,O
S,D,V,U,E,I,E,Z,V,K
M,J,Y,C,T,Q,S,Y,Y,W
D,Z,A,W,G,J,Q,K,I,F
Z,D,B,P,A,G,J,N,Y,A
K,P,L,E,Y,W,J,W,C,Y
L,I,O,C,U,M,X,U,J,C
Q,E,L,K,E,M,F,N,E,K
S,P,J,R,Y,F,U,A,S,X
O,F,I,F,E,T,S,R,O,P
B,I,C,W,L,J,B,F,K,N
F,U,Z,X,X,N,W,H,K,N
V,H,X,M,O,G,L,X,E,S
X,R,Z,F,X,S,E,O,F,P
W,J,Q,G,V,P,O,S,G,E
D,P,Y,F,T,L,D,N,J,B
E,Q,X,E,R,U,D,O,Q,X
P,T,I,I,E,P,I,M,N,P
D,X,B,Z,U,T,M,P,E,V
H,V,Y,F,P,H,P,P,W,M
G,O,M,V,N,C,K,T,P,W
X,D,W,X,W,E,A,J,N,F
W,E,P,S,U,D,Q,R,P,P
S,B,C,Z,Q,C,V,C,Q,T
Z,Y,G,O,F,K,O,L,M,V
W,Q,F,L,Z,I,V,A,A,L
D,R,T,X,R,T,D,A,U,E
N,G,F,B,K,D,D,X,B,Y
P,X,P,X,Q,Z,V,A,V,Q
E,N,E,P,W,A,B,K,M,M
O,O,E,S,S,U,J,P,T,N
X,I,J,Z,N,Q,E,O,M,Z
N,N,L,I,Q,O,Y,L,H,K
N,N,N,O,O,F,I,E,C,I
Y,K,J,W,Q,U,I,B,K,O
J,C,E,C,B,O,S,T,K,X
V,A,V,H,M,L,C,C,X,S
N,P,E,E,W,J,O,K,G,G
J,Y,M,N,A,V,P,T,J,C
E,F,N,W,C,U,U,E,J,G
H,M,B,X,A,F,H,C,C,W
I,P,G,R,K,M,M,Y,I,V
B,J,W,H,M,O,U,F,A,A
V,O,Z,F,Q,L,A,Z,I,V
V,D,R,T,U,K,B,N,J,H
T,A,I,J,Q,B,F,Z,B,I
N,G,Q,H,J,I,V,O,I,F
C,B,T,X,A,C,L,N,R,U
O,C,A,A,S,B,I,B,C,D
O,W,S,K,J,E,Z,A,F,B
G,A,L,V,T,A,E,U,V,H
Q,I,Q,M,E,B,D,Z,Z,F
F,R,P,M,S,R,M,Z,C,I
Y,T,T,U,W,L,A,B,C,U
I,X,L,V,A,E,O,T,S,T
N,U,I,S,F,S,X,G,T,Y
J,G,Z,T,J,O,L,H,D,Z
B,H,O,O,V,S,X,S,T,X
Z,C,Z,K,J,S,T,A,A,M
U,C,X,B,P,X,I,O,V,C
T,F,P,O,U,Y,E,E,G,Z
O,W,V,R,Q,A,T,T,F,O
D,H,O,O,I,V,R,C,E,F
V,P,I,Y,G,Y,U,T,Z,A
C,W,Y,K,G,D,D,H,B,B
D,N,K,J,P,D,V,T,I,M
N,Y,C,O,E,M,W,M,O,L
U,M,L,R,E,D,M,P,L,H
K,G,H,D,A,W,S,Q,V,E
J,T,D,W,E,T,O,H,Q,T
R,Q,G,Y,A,K,J,G,U,X
F,M,E,U,T,J,A,P,F,A
M,G,B,J,H,C,P,Z,T,A
N,O,S,B,N,J,V,O,A,M
E,B,K,P,M,X,L,R,J,O
R,X,A,J,P,K,H,P,R,U
P,T,V,L,M,W,B,I,J,O
M,R,N,K,L,S,F,V,A,V
Y,N,G,N,Y,I,A,C,A,V
U,N,Z,R,M,S,V,L,L,S
T,J,D,I,H,L,Y,Q,S,U
U,X,A,M,I,R,A,O,R,Z
I,C,P,O,G,M,I,Q,C,X
U,U,N,Q,H,B,Q,J,A,K
H,O,W,O,M,Y,R,H,T,B
L,R,G,N,C,Z,V,Q,P,A
M,V,R,X,K,E,I,M,Y,H
G,O,B,H,K,D,T,E,J,A
M,C,O,A,T,E,W,U,S,P
F,Y,X,B,E,R,E,E,Q,S
Z,I,J,S,A,M,Y,K,U,X
T,S,D,Q,P,E,D,W,D,H
I,G,S,V,Q,C,J,I,S,Z
K,J,L,L,T,U,U,G,K,H
B,E,E,L,R,R,A,L,D,R
W,W,Y,X,F,B,G,Q,N,Y
I,A,X,K,R,T,P,Z,N,G
F,O,N,R,V,A,R,S,E,B
G,Y,U,U,Q,D,O,C,N,W
V,D,L,E,O,W,C,S,F,K
O,U,R,P,C,V,U,F,D,Z
U,X,X,P,E,P,A,O,K,X
F,B,J,E,R,M,D,V,J,R
O,H,B,O,G,M,Y,W,E,Z
G,Y,L,M,P,C,F,H,W,A
Z,N,R,F,J,F,Z,N,V,P
S,X,K,W,F,N,H,U,D,S
Z,T,O,W,Q,O,U,C,A,D
G,G,K,C,P,Q,U,J,X,J
I,T,U,L,V,P,X,W,H,Y
Y,V,G,H,W,L,M,H,V,L
T,S,Q,T,I,B,F,P,F,R
T,J,Q,D,E,R,C,Z,B,I
N,N,F,N,D,X,M,V,C,R
I,D,P,I,O,N,H,O,C,Z
Q,I,K,A,I,O,L,X,E,B
F,F,O,W,S,T,K,J,P,P
Y,H,X,L,R,B,L,C,X,C
E,R,X,B,S,X,J,B,M,D
H,T,C,P,M,Z,V,Y,Z,U
C,Y,P,I,I,M,K,D,L,A
H,N,N,K,Z,Q,P,W,Y,C
N,O,K,Y,W,U,G,Z,H,J
W,K,Z,L,O,Y,I,Y,W,Y
T,D,Z,R,P,D,T,O,C,M
E,J,Y,C,L,S,C,I,L,A
A,U,X,M,P,M,K,S,Q,U
M,J,M,C,C,C,Y,Z,M,N
K,S,G,E,R,O,N,Y,F,U
W,C,C,U,I,R,C,Z,A,O
Y,X,K,X,B,Q,Y,M,D,P
F,T,B,N,K,V,H,X,V,T
A,R,C,R,H,C,Y,F,O,V
S,R,I,X,Y,N,C,U,M,U
Y,S,U,J,V,C,O,C,T,K
L,H,P,U,A,R,O,U,C,U
G,S,U,R,N,M,S,O,N,Y
W,J,K,A,J,O,C,Z,S,I
C,H,E,C,V,H,S,G,D,L
N,W,T,M,K,A,I,X,Z,O
V,U,K,K,Y,Q,U,Z,K,Z
Y,Y,K,A,Y,L,S,X,T,E
A,V,N,P,J,R,X,O,Z,T
A,M,P,N,I,K,N,M,O,S
L,B,V,W,R,S,D,M,C,G
F,Y,D,K,M,T,T,O,C,M
U,F,R,N,L,W,I,A,P,J
S,B,R,P,D,X,P,B,L,C
C,D,U,N,N,K,Z,Q,S,B
C,A,Y,M,R,K,E,I,K,K
K,N,S,W,A,M,S,Q,F,B
X,U,V,Q,M,P,Z,Z,B,B
O,Y,L,N,H,X,L,K,P,P
S,S,R,T,T,Y,R,S,X,T
B,H,V,E,T,V,K,D,Q,D
A,Q,A,E,D,R,O,R,P,T
E,I,S,U,I,M,L,Q,S,V
Z,X,M,G,C,S,Q,L,P,O
Q,P,D,I,Y,T,U,V,A,X
N,C,F,W,B,U,H,B,Q,A
D,I,J,R,T,G,K,Z,Y,M
J,U,T,T,C,C,P,F,G,S
F,Z,R,B,U,H,O,D,D,J
B,K,I,Z,P,P,Z,A,O,J
Y,E,S,W,K,C,S,T,B,Y
X,Z,V,J,S,D,Y,Y,A,W
Q,D,Y,E,W,N,L,X,Z,L
R,B,D,Z,U,S,R,C,U,H
Z,U,R,I,M,O,G,B,H,M
X,D,J,O,H,U,B,Z,I,S
S,M,C,D,K,V,I,D,G,J
M,S,Q,N,N,E,Q,R,I,O
A,Z,T,O,B,O,C,E,R,A
L,D,G,V,L,G,C,T,T,A
C,Q,Q,K,O,Z,L,A,P,P
P,O,Y,D,Q,A,H,D,W,D
R,V,Z,V,E,C,F,H,A,O
E,T,J,G,T,Q,H,L,T,U
N,H,S,W,Z,X,Z,G,N,H
F,T,K,Q,N,D,S,B,L,L
D,I,A,Z,W,L,S,Y,J,G
Z,F,T,A,H,L,G,T,S,A
H,A,G,I,O,M,B,I,X,V
V,Q,A,L,M,G,Q,A,H,Z
U,U,B,M,W,J,Z,T,D,Q
M,Z,U,K,B,C,K,Y,P,G
N,X,M,U,A,Z,D,E,C,Z
D,K,Z,A,X,S,W,U,J,K
C,O,A,O,T,E,I,J,O,K
F,C,T,S,F,O,L,D,L,M
N,B,E,J,Y,A,H,Q,E,G
T,Y,G,N,V,F,I,K,U,G
V,K,N,V,B,D,Y,J,J,B
F,Q,J,D,Y,V,B,C,N,C
S,M,Q,U,W,P,Q,H,T,Q
Y,U,D,S,D,Z,T,S,G,S
S,A,J,L,G,F,Y,H,T,E
U,B,N,G,L,A,U,E,V,Y
U,B,X,O,A,F,G,Z,R,R
Z,L,L,W,I,Q,O,Z,E,V
M,L,N,N,L,X,B,I,G,W
E,R,F,H,Z,U,A,H,I,T
W,H,E,H,Q,F,R,N,E,U
L,C,Q,R,C,L,M,S,E,F
N,L,F,E,U,F,U,M,H,W
Q,R,O,O,K,Q,N,J,X,R
E,H,I,H,I,T,M,O,I,J
Q,U,X,K,Y,L,X,W,X,O
S,Y,L,M,M,K,I,S,T,Y
U,Z,E,Q,A,V,R,Q,P,E
B,Z,Q,K,Y,G,O,K,I,O
R,H,S,M,X,Q,A,R,P,R
K,F,G,Z,J,Y,H,W,R,G
C,N,A,V,E,L,W,V,I,V
U,C,Q,U,R,T,Y,F,I,Q
X,J,S,T,V,R,R,S,D,K
J,G,Q,V,N,X,O,U,P,E
M,O,L,Q,S,O,U,Q,G,N
D,P,X,K,Y,F,Y,E,S,J
Q,O,O,C,Q,O,K,C,J,N
P,X,A,Z,J,A,D,N,L,D
F,G,B,H,A,M,L,O,P,I
I,V,E,P,S,J,Y,E,E,O
U,S,Q,Q,N,Q,M,Q,Z,O
O,Z,Z,B,V,L,U,M,E,I
D,C,A,O,J,A,R,N,D,E
S,V,D,T,A,A,G,R,E,J
W,J,B,A,W,N,Y,U,M,W
T,U,G,Q,Y,V,A,B,N,K
M,E,W,G,V,A,Z,L,B,L
X,T,M,U,Y,M,I,H,H,A
F,Y,E,N,W,A,L,B,N,O
E,G,K,O,P,T,J,B,X,V
I,F,A,B,O,I,O,L,D,Z
B,D,C,A,W,T,H,A,V,L
M,G,Z,O,F,O,W,Y,F,D
O,N,X,O,P,R,R,W,S,C
H,P,X,V,D,I,L,F,P,L
M,O,M,O,J,X,H,I,U,Y
Q,G,F,N,N,Y,G,Z,Q,U
B,M,P,K,J,M,P,X,F,H
C,O,B,P,N,H,H,I,K,K
W,T,V,E,P,B,A,P,D,U
K,Z,N,S,C,K,L,T,T,J
Z,T,U,Z,U,P,V,V,L,Q
U,O,K,H,M,G,D,F,P,Z
K,Y,J,Q,D,Z,P,M,P,B
T,U,S,X,L,F,A,P,W,U
I,Y,N,Y,U,B,I,N,K,Q
Y,P,N,P,P,K,I,C,T,Z
D,J,J,U,W,Y,U,N,L,Y
B,H,Q,D,M,G,K,V,J,X
A,L,W,O,M,D,A,K,M,T
